{ "height":20,
 "layers":[
        {
         "data":[5, 4, 4, 5, 10, 4, 4, 4, 5, 4, 5, 4, 5, 5, 5, 4, 5, 10, 10, 4, 4, 5, 4, 5, 4, 5, 5, 5, 4, 5, 5, 5, 5, 4, 5, 4, 5, 9, 10, 5, 9, 4, 9, 10, 9, 10, 5, 4, 5, 5, 5, 5, 5, 4, 4, 9, 10, 9, 10, 9, 10, 10, 5, 9, 10, 5, 5, 5, 9, 10, 9, 10, 10, 5, 4, 9, 4, 5, 10, 10, 10, 4, 5, 5, 10, 10, 10, 10, 5, 9, 10, 10, 10, 5, 4, 5, 10, 10, 10, 10, 4, 5, 10, 4, 5, 5, 10, 5, 4, 5, 9, 9, 10, 9, 9, 4, 9, 10, 10, 5, 4, 9, 10, 10, 10, 10, 4, 5, 5, 9, 10, 4, 5, 4, 5, 9, 10, 9, 9, 10, 10, 5, 10, 9, 10, 4, 5, 4, 4, 5, 4, 5, 9, 4, 4, 5, 9, 9, 10, 5, 10, 9, 10, 10, 10, 10, 9, 10, 9, 10, 4, 9, 9, 10, 10, 5, 10, 4, 9, 9, 9, 10, 4, 9, 10, 4, 5, 10, 4, 4, 4, 9, 10, 4, 4, 5, 9, 10, 9, 9, 4, 9, 9, 10, 9, 4, 5, 10, 9, 10, 5, 4, 4, 5, 4, 5, 9, 9, 9, 4, 9, 10, 5, 9, 9, 4, 5, 10, 4, 5, 4, 4, 4, 4, 4, 9, 9, 10, 4, 5, 9, 10, 4, 5, 10, 5, 4, 9, 10, 9, 10, 10, 10, 9, 9, 9, 4, 4, 5, 9, 9, 10, 4, 9, 10, 9, 9, 9, 4, 5, 9, 10, 5, 9, 10, 9, 4, 9, 10, 10, 4, 4, 9, 9, 9, 10, 5, 5, 5, 5, 10, 9, 9, 4, 5, 4, 5, 5, 4, 4, 5, 5, 4, 9, 10, 4, 4, 4, 5, 9, 9, 9, 4, 5, 10, 9, 4, 5, 10, 5, 5, 5, 10, 10, 10, 5, 4, 9, 9, 10, 9, 10, 10, 9, 9, 10, 10, 9, 9, 9, 9, 9, 4, 4, 4, 4, 4, 9, 10, 10, 4, 9, 10, 5, 10, 10, 10, 5, 4, 4, 4, 9, 9, 10, 9, 4, 5, 9, 10, 10, 4, 4, 4, 5, 4, 5, 5, 5, 5, 5, 5, 4, 5, 4, 5, 4, 5, 10, 4, 5, 5, 4, 4, 9, 9, 9, 10, 5, 5, 5, 9, 10, 4, 5, 10, 4, 5, 9, 10, 5, 5, 10, 10, 10, 10, 10, 9, 10, 9, 10, 9, 10, 5, 9, 10, 5, 9, 9, 10, 10, 10, 10, 10, 10, 10, 9, 4, 5, 10, 10, 4, 4, 5, 4, 4, 4, 5, 10, 4, 5, 9, 10, 10, 4, 9, 4, 4, 4, 4, 9, 10, 9, 10, 4, 4, 4, 4, 9, 10, 10, 9, 9, 10, 10, 4, 5, 9, 10, 9, 4, 9, 10, 4, 4, 4, 5, 4, 5, 4, 9, 4, 9, 9, 9, 9, 10, 4, 4, 4, 4, 4, 9, 4, 5, 5, 10, 9, 9, 10, 9, 10, 4, 4, 5, 9, 9, 9, 9, 9, 4, 4, 9, 10, 9, 9, 9, 4, 5, 4, 4, 5, 4, 4, 4, 9, 9, 9, 9, 10, 10, 9, 9, 4, 5, 4, 4, 5, 9, 10, 9, 9, 4, 9, 4, 4, 5, 9, 4, 5, 10, 9, 9, 4, 5, 9, 10, 9, 9, 9, 9, 10, 4, 9, 9, 9, 10, 5, 9, 10, 9, 9, 10, 4, 4, 4, 4, 9, 9, 9, 9, 10, 10, 9, 10, 5, 4, 4, 9, 10, 9, 9, 9, 9, 9, 9, 9, 9, 9, 10, 4, 5, 4, 4, 4, 4, 5, 9, 9, 9, 9, 9, 10, 9, 9, 9, 10, 10, 10, 10, 10, 4, 5, 4, 4, 5, 4, 4, 4, 4, 4, 5, 4, 9, 9, 9, 10, 9, 9, 9, 9, 10, 9, 9, 9, 9, 10, 4, 5, 5, 5, 4, 5, 5, 4, 5, 9, 10, 9, 9, 10, 9, 9, 9, 9, 9, 10, 9, 10, 10, 10, 10, 10, 10, 10, 10, 10, 4, 4, 4, 4, 4, 4, 4, 4, 4, 9, 10, 4, 9, 10],
         "height":20,
         "name":"Wall",
         "opacity":1,
         "type":"tilelayer",
         "visible":true,
         "width":35,
         "x":0,
         "y":0
        }, 
        {
         "draworder":"topdown",
         "name":"StartPoint",
         "objects":[
                {
                 "gid":33,
                 "height":32,
                 "id":195,
                 "name":"",
                 "rotation":0,
                 "type":"",
                 "visible":true,
                 "width":32,
                 "x":2,
                 "y":495
                }],
         "opacity":1,
         "type":"objectgroup",
         "visible":true,
         "x":0,
         "y":0
        }, 
        {
         "data":[0, 0, 0, 0, 0, 0, 0, 0, 0, 0, 0, 0, 0, 0, 0, 0, 0, 0, 0, 0, 0, 0, 0, 0, 0, 0, 0, 0, 0, 0, 0, 0, 0, 0, 0, 0, 0, 0, 0, 0, 0, 0, 0, 0, 0, 0, 0, 0, 0, 0, 0, 0, 0, 0, 0, 0, 0, 0, 0, 0, 0, 0, 0, 0, 0, 0, 0, 0, 0, 0, 0, 0, 0, 0, 0, 0, 0, 0, 0, 0, 0, 0, 0, 0, 0, 0, 0, 0, 0, 0, 0, 0, 0, 0, 0, 0, 0, 0, 0, 0, 0, 0, 0, 0, 0, 0, 0, 0, 0, 0, 0, 0, 0, 0, 0, 0, 0, 0, 0, 0, 0, 0, 0, 0, 0, 0, 0, 0, 0, 0, 0, 0, 0, 0, 0, 0, 0, 0, 0, 0, 0, 0, 0, 0, 0, 0, 0, 0, 0, 0, 0, 0, 0, 0, 0, 0, 0, 0, 0, 0, 0, 0, 0, 0, 0, 0, 0, 0, 0, 0, 0, 0, 0, 0, 0, 0, 0, 0, 0, 0, 0, 0, 0, 0, 0, 0, 0, 0, 0, 0, 0, 0, 0, 0, 0, 0, 0, 0, 0, 0, 0, 0, 0, 0, 0, 0, 0, 0, 0, 0, 0, 0, 0, 0, 0, 0, 0, 0, 0, 0, 0, 0, 0, 0, 0, 0, 0, 0, 0, 0, 0, 0, 0, 0, 0, 0, 0, 0, 0, 0, 0, 0, 0, 0, 0, 0, 0, 0, 0, 0, 0, 0, 0, 0, 0, 0, 0, 0, 0, 0, 0, 0, 0, 0, 0, 0, 0, 0, 0, 0, 0, 0, 0, 0, 0, 0, 0, 0, 0, 0, 0, 0, 0, 0, 0, 0, 0, 0, 0, 0, 0, 0, 0, 0, 0, 0, 0, 0, 0, 0, 0, 0, 0, 0, 0, 0, 0, 0, 0, 0, 0, 0, 0, 0, 0, 0, 0, 0, 0, 0, 0, 0, 0, 0, 0, 0, 0, 0, 0, 0, 0, 0, 0, 0, 0, 0, 0, 0, 0, 0, 0, 0, 0, 0, 0, 0, 0, 0, 0, 0, 0, 0, 0, 0, 0, 0, 0, 0, 0, 0, 0, 0, 0, 0, 0, 0, 0, 0, 0, 0, 0, 0, 0, 0, 0, 0, 0, 0, 0, 0, 0, 0, 0, 0, 0, 0, 0, 0, 0, 0, 0, 0, 0, 0, 0, 0, 0, 0, 0, 0, 0, 0, 0, 0, 0, 0, 0, 0, 0, 0, 0, 0, 0, 0, 0, 0, 0, 0, 0, 0, 0, 0, 0, 0, 0, 0, 0, 0, 0, 0, 0, 0, 0, 0, 0, 0, 0, 0, 0, 0, 0, 0, 0, 0, 0, 0, 0, 0, 0, 0, 0, 0, 0, 0, 0, 0, 0, 0, 0, 0, 0, 0, 0, 0, 0, 0, 0, 0, 0, 0, 0, 0, 0, 0, 0, 0, 0, 0, 0, 0, 0, 0, 0, 0, 0, 0, 0, 0, 0, 0, 0, 0, 0, 0, 0, 0, 0, 0, 0, 0, 0, 0, 0, 0, 0, 0, 0, 0, 0, 0, 0, 0, 0, 0, 0, 0, 0, 0, 0, 0, 0, 0, 0, 0, 24, 0, 0, 0, 0, 0, 0, 0, 0, 0, 0, 0, 0, 0, 0, 0, 0, 0, 0, 0, 0, 0, 0, 0, 0, 0, 0, 0, 0, 0, 0, 0, 0, 0, 0, 24, 0, 0, 0, 0, 0, 0, 0, 0, 0, 0, 0, 0, 0, 0, 0, 0, 0, 0, 0, 0, 0, 0, 0, 0, 0, 0, 0, 0, 0, 0, 0, 0, 0, 0, 24, 0, 0, 0, 0, 0, 0, 0, 0, 0, 0, 0, 0, 0, 0, 0, 0, 0, 0, 0, 0, 0, 0, 0, 0, 0, 0, 0, 0, 0, 0, 0, 0, 0, 0, 0, 0, 0, 0, 0, 0, 0, 0, 0, 0, 0, 0, 0, 0, 0, 0, 0, 0, 0, 0, 0, 0, 0, 0, 0, 0, 0, 0, 0, 0, 0, 0, 0, 0, 0, 0, 0, 0, 0, 0, 0, 0, 0, 0, 0, 0, 0, 0, 0, 0, 0, 0, 0, 0, 0, 0, 0, 0, 0, 0, 0, 0, 0, 0, 0, 0, 0, 0, 0, 0, 0],
         "height":20,
         "name":"EndPoint",
         "opacity":1,
         "type":"tilelayer",
         "visible":true,
         "width":35,
         "x":0,
         "y":0
        }, 
        {
         "data":[7, 15, 15, 7, 7, 15, 15, 15, 7, 15, 15, 15, 15, 7, 15, 15, 15, 15, 7, 15, 15, 15, 15, 7, 15, 15, 7, 7, 15, 7, 15, 7, 7, 7, 15, 15, 15, 15, 15, 15, 7, 15, 7, 15, 15, 7, 7, 15, 7, 7, 15, 7, 7, 7, 15, 15, 7, 7, 15, 7, 15, 7, 7, 15, 7, 15, 7, 15, 15, 7, 15, 15, 7, 15, 7, 7, 15, 7, 7, 7, 7, 7, 15, 15, 15, 15, 7, 15, 15, 7, 7, 15, 7, 15, 7, 15, 15, 15, 7, 7, 7, 7, 7, 7, 7, 15, 15, 7, 7, 15, 15, 15, 15, 15, 15, 15, 15, 7, 15, 7, 7, 7, 15, 7, 7, 7, 7, 7, 15, 7, 7, 15, 7, 15, 15, 7, 7, 15, 15, 7, 15, 7, 15, 7, 15, 7, 7, 7, 15, 15, 7, 15, 15, 15, 15, 7, 15, 7, 7, 7, 15, 15, 7, 15, 7, 7, 7, 15, 15, 15, 7, 15, 7, 15, 15, 15, 15, 7, 7, 15, 15, 15, 15, 15, 7, 15, 15, 15, 7, 7, 7, 7, 15, 7, 7, 15, 15, 15, 15, 7, 7, 7, 15, 15, 15, 7, 7, 15, 7, 15, 7, 15, 15, 15, 15, 7, 15, 7, 15, 15, 7, 7, 15, 15, 15, 15, 15, 15, 15, 15, 15, 15, 7, 15, 7, 15, 7, 7, 7, 7, 7, 7, 15, 7, 7, 7, 7, 7, 7, 7, 15, 15, 15, 7, 7, 15, 7, 7, 7, 15, 7, 7, 15, 7, 15, 15, 7, 7, 7, 7, 7, 7, 15, 15, 15, 7, 15, 15, 7, 7, 15, 7, 15, 7, 7, 7, 7, 15, 7, 7, 15, 7, 7, 15, 7, 7, 7, 7, 7, 15, 7, 7, 15, 15, 15, 7, 7, 15, 15, 15, 15, 7, 7, 7, 15, 7, 15, 7, 15, 7, 7, 7, 15, 15, 7, 7, 15, 7, 15, 7, 15, 7, 7, 7, 7, 7, 15, 7, 7, 7, 15, 15, 15, 7, 7, 7, 7, 7, 7, 15, 7, 7, 15, 15, 15, 7, 7, 7, 15, 7, 7, 7, 15, 15, 7, 7, 15, 15, 15, 7, 15, 7, 15, 7, 15, 7, 15, 7, 15, 15, 7, 7, 7, 15, 7, 7, 15, 7, 7, 15, 15, 15, 15, 15, 15, 7, 15, 7, 15, 15, 7, 15, 15, 15, 15, 7, 7, 15, 7, 15, 15, 15, 7, 7, 7, 15, 15, 15, 15, 15, 15, 7, 7, 7, 7, 7, 15, 15, 7, 15, 15, 15, 7, 15, 7, 7, 7, 15, 15, 15, 15, 15, 15, 15, 15, 7, 15, 15, 15, 7, 15, 15, 15, 15, 7, 12, 12, 12, 12, 12, 12, 12, 12, 12, 12, 12, 12, 12, 12, 12, 12, 12, 12, 12, 12, 12, 12, 12, 12, 12, 12, 12, 12, 12, 12, 12, 12, 12, 12, 12, 0, 0, 0, 0, 0, 0, 0, 0, 0, 0, 0, 0, 0, 0, 0, 0, 0, 0, 0, 0, 0, 0, 0, 0, 0, 0, 0, 0, 0, 0, 0, 0, 0, 0, 0, 0, 0, 0, 0, 0, 0, 0, 0, 0, 0, 0, 0, 0, 0, 0, 0, 0, 0, 0, 0, 0, 0, 0, 0, 0, 0, 0, 0, 0, 0, 0, 0, 0, 0, 0, 0, 0, 0, 0, 0, 0, 0, 0, 0, 0, 0, 0, 0, 0, 0, 0, 0, 0, 0, 0, 0, 0, 0, 0, 0, 0, 0, 0, 0, 0, 0, 0, 0, 0, 0, 2, 3, 0, 0, 0, 0, 0, 0, 0, 0, 0, 0, 0, 0, 0, 0, 0, 0, 0, 0, 0, 0, 0, 0, 0, 0, 0, 0, 0, 0, 0, 1, 2, 2, 2, 7, 7, 2, 2, 2, 2, 2, 2, 2, 2, 2, 2, 2, 2, 2, 2, 2, 2, 2, 2, 2, 2, 2, 2, 2, 2, 2, 2, 2, 2, 2, 7, 7, 15, 15, 7, 7, 15, 7, 7, 15, 15, 7, 15, 7, 7, 7, 7, 15, 7, 15, 15, 7, 7, 15, 15, 15, 7, 15, 15, 15, 7, 7, 7, 15, 7, 7, 15, 15, 7],
         "height":20,
         "name":"Platforms",
         "opacity":1,
         "type":"tilelayer",
         "visible":true,
         "width":35,
         "x":0,
         "y":0
        }, 
        {
         "data":[0, 0, 0, 0, 0, 0, 0, 0, 0, 0, 0, 0, 0, 0, 0, 0, 0, 0, 0, 0, 0, 0, 0, 0, 0, 0, 0, 0, 0, 0, 0, 0, 0, 0, 0, 0, 0, 0, 0, 0, 0, 0, 0, 0, 17, 0, 0, 0, 0, 0, 0, 0, 0, 0, 0, 0, 0, 0, 0, 0, 0, 0, 0, 0, 0, 0, 0, 0, 0, 0, 0, 0, 18, 0, 0, 0, 0, 0, 0, 0, 0, 0, 0, 0, 0, 0, 0, 0, 0, 0, 0, 0, 0, 0, 0, 0, 0, 0, 0, 0, 0, 0, 0, 0, 0, 17, 17, 0, 0, 17, 0, 0, 0, 0, 0, 0, 18, 18, 0, 0, 0, 0, 0, 0, 0, 17, 18, 0, 0, 0, 0, 17, 17, 0, 0, 17, 16, 0, 0, 0, 0, 0, 0, 0, 0, 0, 0, 0, 0, 18, 0, 0, 18, 0, 0, 0, 0, 0, 0, 0, 0, 0, 0, 0, 0, 0, 0, 0, 0, 0, 0, 0, 0, 16, 0, 0, 0, 0, 0, 0, 0, 0, 0, 0, 0, 0, 0, 18, 0, 0, 0, 0, 0, 0, 0, 0, 0, 0, 0, 0, 0, 0, 0, 0, 0, 0, 0, 0, 0, 0, 0, 0, 0, 18, 0, 0, 0, 0, 0, 0, 0, 17, 0, 0, 0, 0, 0, 0, 17, 18, 0, 0, 0, 0, 0, 0, 0, 0, 0, 0, 0, 0, 0, 0, 0, 0, 0, 0, 0, 17, 16, 16, 0, 0, 0, 0, 0, 0, 0, 0, 0, 0, 0, 0, 17, 18, 0, 0, 0, 0, 0, 0, 0, 0, 0, 0, 0, 0, 0, 0, 0, 0, 0, 0, 0, 0, 0, 16, 0, 0, 0, 0, 0, 17, 16, 16, 0, 0, 0, 0, 0, 0, 0, 0, 0, 0, 0, 0, 0, 0, 0, 0, 0, 0, 0, 0, 0, 0, 17, 0, 0, 0, 0, 0, 0, 0, 0, 0, 0, 0, 0, 0, 0, 0, 0, 0, 0, 16, 18, 18, 16, 0, 0, 0, 0, 0, 0, 17, 0, 0, 18, 0, 0, 0, 0, 0, 0, 0, 0, 0, 0, 0, 0, 0, 0, 0, 0, 0, 0, 0, 0, 0, 0, 0, 0, 0, 0, 0, 0, 0, 0, 0, 0, 0, 0, 0, 0, 0, 0, 0, 0, 0, 0, 0, 0, 16, 0, 0, 0, 0, 0, 0, 0, 0, 0, 0, 0, 0, 0, 0, 0, 0, 0, 0, 17, 17, 0, 0, 0, 0, 0, 0, 16, 0, 18, 0, 0, 0, 0, 18, 18, 0, 0, 0, 0, 16, 0, 0, 0, 0, 0, 0, 0, 0, 0, 0, 0, 0, 0, 0, 16, 0, 0, 17, 0, 0, 0, 0, 18, 0, 0, 0, 0, 0, 17, 0, 0, 0, 0, 0, 0, 0, 0, 0, 16, 16, 0, 0, 0, 0, 0, 18, 0, 0, 0, 0, 0, 0, 16, 0, 0, 0, 0, 16, 0, 0, 0, 0, 0, 0, 0, 0, 0, 0, 0, 0, 0, 0, 0, 0, 0, 0, 0, 17, 0, 0, 0, 0, 18, 0, 17, 0, 0, 0, 0, 0, 0, 0, 0, 0, 0, 0, 0, 0, 0, 0, 0, 0, 0, 0, 0, 0, 0, 0, 0, 0, 0, 0, 0, 0, 0, 0, 0, 0, 0, 0, 0, 0, 0, 16, 17, 0, 0, 0, 0, 0, 0, 0, 17, 0, 0, 0, 0, 0, 0, 0, 0, 0, 0, 0, 16, 0, 0, 0, 0, 0, 0, 0, 0, 0, 0, 18, 0, 0, 0, 0, 18, 0, 0, 0, 17, 0, 0, 0, 0, 0, 0, 0, 0, 0, 16, 0, 0, 0, 0, 0, 0, 0, 0, 0, 17, 0, 0, 0, 0, 16, 18, 0, 17, 0, 0, 0, 0, 0, 0, 0, 0, 0, 0, 0, 0, 18, 18, 0, 0, 0, 0, 0, 0, 0, 17, 0, 0, 0, 0, 0, 0, 0, 0, 0, 0, 18, 0, 0, 0, 0, 0, 0, 16, 0, 0, 0, 0, 18, 18, 17, 0, 0, 0, 17, 17, 0, 0, 17, 0, 0, 0, 0, 0, 0, 18, 18, 0, 0, 0, 0, 17, 18, 0, 0],
         "height":20,
         "name":"Details",
         "opacity":1,
         "type":"tilelayer",
         "visible":true,
         "width":35,
         "x":0,
         "y":0
        }, 
        {
         "draworder":"topdown",
         "name":"Tent",
         "objects":[
                {
                 "gid":32,
                 "height":64,
                 "id":199,
                 "name":"",
                 "rotation":0,
                 "type":"",
                 "visible":true,
                 "width":96,
                 "x":514,
                 "y":574
                }],
         "opacity":1,
         "type":"objectgroup",
         "visible":true,
         "x":0,
         "y":0
        }, 
        {
         "draworder":"topdown",
         "name":"Campfire",
         "objects":[
                {
                 "gid":33,
                 "height":32,
                 "id":198,
                 "name":"",
                 "rotation":0,
                 "type":"",
                 "visible":true,
                 "width":48,
                 "x":638,
                 "y":576
                }],
         "opacity":1,
         "type":"objectgroup",
         "visible":true,
         "x":0,
         "y":0
        }],
 "nextobjectid":200,
 "orientation":"orthogonal",
 "renderorder":"right-down",
 "tiledversion":"1.0.3",
 "tileheight":32,
 "tilesets":[
        {
         "columns":5,
         "firstgid":1,
         "image":"..\/tilesets\/tileset.png",
         "imageheight":160,
         "imagewidth":160,
         "margin":0,
         "name":"tileset",
         "spacing":0,
         "tilecount":25,
         "tileheight":32,
         "tilewidth":32
        }, 
        {
         "columns":4,
         "firstgid":26,
         "image":"..\/tilesets\/objects.png",
         "imageheight":64,
         "imagewidth":128,
         "margin":0,
         "name":"objects",
         "spacing":0,
         "tilecount":8,
         "tileheight":32,
         "tilewidth":32
        }],
 "tilewidth":32,
 "type":"map",
 "version":1,
 "width":35
}