<font>
  <info face="messe" size="72" bold="0" italic="0" charset="" unicode="" stretchH="100" smooth="1" aa="1" padding="2,2,2,2" spacing="0,0" outline="0"/>
  <common lineHeight="96" base="54" scaleW="426" scaleH="512" pages="1" packed="0"/>
  <pages>
    <page id="0" file="messe.png"/>
  </pages>
  <chars count="95">
    <char id="32" x="2" y="2" width="0" height="0" xoffset="0" yoffset="54" xadvance="18" page="0" chnl="15"/>
    <char id="33" x="2" y="4" width="12" height="54" xoffset="0" yoffset="0" xadvance="18" page="0" chnl="15"/>
    <char id="34" x="2" y="60" width="30" height="18" xoffset="0" yoffset="0" xadvance="36" page="0" chnl="15"/>
    <char id="35" x="16" y="2" width="42" height="54" xoffset="0" yoffset="0" xadvance="48" page="0" chnl="15"/>
    <char id="36" x="2" y="80" width="36" height="60" xoffset="0" yoffset="0" xadvance="42" page="0" chnl="15"/>
    <char id="37" x="2" y="142" width="54" height="54" xoffset="0" yoffset="0" xadvance="60" page="0" chnl="15"/>
    <char id="38" x="40" y="58" width="42" height="54" xoffset="0" yoffset="0" xadvance="48" page="0" chnl="15"/>
    <char id="39" x="40" y="114" width="12" height="18" xoffset="0" yoffset="0" xadvance="18" page="0" chnl="15"/>
    <char id="40" x="60" y="2" width="24" height="54" xoffset="0" yoffset="0" xadvance="30" page="0" chnl="15"/>
    <char id="41" x="2" y="198" width="24" height="54" xoffset="0" yoffset="0" xadvance="30" page="0" chnl="15"/>
    <char id="42" x="2" y="254" width="36" height="30" xoffset="0" yoffset="0" xadvance="42" page="0" chnl="15"/>
    <char id="43" x="28" y="198" width="36" height="36" xoffset="0" yoffset="12" xadvance="42" page="0" chnl="15"/>
    <char id="44" x="54" y="114" width="12" height="18" xoffset="0" yoffset="42" xadvance="18" page="0" chnl="15"/>
    <char id="45" x="28" y="236" width="36" height="12" xoffset="0" yoffset="24" xadvance="42" page="0" chnl="15"/>
    <char id="46" x="58" y="134" width="12" height="12" xoffset="0" yoffset="42" xadvance="18" page="0" chnl="15"/>
    <char id="47" x="2" y="286" width="30" height="54" xoffset="0" yoffset="0" xadvance="36" page="0" chnl="15"/>
    <char id="48" x="2" y="342" width="36" height="54" xoffset="0" yoffset="0" xadvance="42" page="0" chnl="15"/>
    <char id="49" x="34" y="286" width="18" height="54" xoffset="0" yoffset="0" xadvance="24" page="0" chnl="15"/>
    <char id="50" x="2" y="398" width="36" height="54" xoffset="0" yoffset="0" xadvance="42" page="0" chnl="15"/>
    <char id="51" x="2" y="454" width="36" height="54" xoffset="0" yoffset="0" xadvance="42" page="0" chnl="15"/>
    <char id="52" x="40" y="342" width="36" height="54" xoffset="0" yoffset="0" xadvance="42" page="0" chnl="15"/>
    <char id="53" x="54" y="250" width="36" height="54" xoffset="0" yoffset="0" xadvance="42" page="0" chnl="15"/>
    <char id="54" x="66" y="148" width="36" height="54" xoffset="0" yoffset="0" xadvance="42" page="0" chnl="15"/>
    <char id="55" x="84" y="58" width="36" height="54" xoffset="0" yoffset="0" xadvance="42" page="0" chnl="15"/>
    <char id="56" x="86" y="2" width="36" height="54" xoffset="0" yoffset="0" xadvance="42" page="0" chnl="15"/>
    <char id="57" x="40" y="398" width="36" height="54" xoffset="0" yoffset="0" xadvance="42" page="0" chnl="15"/>
    <char id="58" x="66" y="204" width="12" height="36" xoffset="0" yoffset="18" xadvance="18" page="0" chnl="15"/>
    <char id="59" x="80" y="204" width="12" height="42" xoffset="0" yoffset="18" xadvance="18" page="0" chnl="15"/>
    <char id="60" x="40" y="454" width="30" height="48" xoffset="0" yoffset="6" xadvance="36" page="0" chnl="15"/>
    <char id="61" x="72" y="114" width="36" height="30" xoffset="0" yoffset="18" xadvance="42" page="0" chnl="15"/>
    <char id="62" x="72" y="454" width="30" height="48" xoffset="0" yoffset="6" xadvance="36" page="0" chnl="15"/>
    <char id="63" x="78" y="306" width="36" height="54" xoffset="0" yoffset="0" xadvance="42" page="0" chnl="15"/>
    <char id="64" x="92" y="248" width="48" height="54" xoffset="0" yoffset="0" xadvance="54" page="0" chnl="15"/>
    <char id="65" x="78" y="362" width="36" height="54" xoffset="0" yoffset="0" xadvance="42" page="0" chnl="15"/>
    <char id="66" x="104" y="418" width="42" height="54" xoffset="0" yoffset="0" xadvance="48" page="0" chnl="15"/>
    <char id="67" x="104" y="146" width="36" height="54" xoffset="0" yoffset="0" xadvance="42" page="0" chnl="15"/>
    <char id="68" x="122" y="58" width="42" height="54" xoffset="0" yoffset="0" xadvance="48" page="0" chnl="15"/>
    <char id="69" x="124" y="2" width="36" height="54" xoffset="0" yoffset="0" xadvance="42" page="0" chnl="15"/>
    <char id="70" x="162" y="2" width="42" height="54" xoffset="0" yoffset="0" xadvance="48" page="0" chnl="15"/>
    <char id="71" x="116" y="304" width="36" height="54" xoffset="0" yoffset="0" xadvance="42" page="0" chnl="15"/>
    <char id="72" x="116" y="360" width="36" height="54" xoffset="0" yoffset="0" xadvance="42" page="0" chnl="15"/>
    <char id="73" x="148" y="416" width="24" height="54" xoffset="0" yoffset="0" xadvance="30" page="0" chnl="15"/>
    <char id="74" x="142" y="114" width="42" height="54" xoffset="0" yoffset="0" xadvance="48" page="0" chnl="15"/>
    <char id="75" x="166" y="58" width="36" height="54" xoffset="0" yoffset="0" xadvance="42" page="0" chnl="15"/>
    <char id="76" x="142" y="170" width="36" height="54" xoffset="0" yoffset="0" xadvance="42" page="0" chnl="15"/>
    <char id="77" x="142" y="226" width="48" height="54" xoffset="0" yoffset="0" xadvance="54" page="0" chnl="15"/>
    <char id="78" x="180" y="170" width="42" height="54" xoffset="0" yoffset="0" xadvance="48" page="0" chnl="15"/>
    <char id="79" x="186" y="114" width="36" height="54" xoffset="0" yoffset="0" xadvance="42" page="0" chnl="15"/>
    <char id="80" x="204" y="58" width="42" height="54" xoffset="0" yoffset="0" xadvance="48" page="0" chnl="15"/>
    <char id="81" x="206" y="2" width="42" height="54" xoffset="0" yoffset="0" xadvance="48" page="0" chnl="15"/>
    <char id="82" x="154" y="282" width="42" height="54" xoffset="0" yoffset="0" xadvance="48" page="0" chnl="15"/>
    <char id="83" x="192" y="226" width="36" height="54" xoffset="0" yoffset="0" xadvance="42" page="0" chnl="15"/>
    <char id="84" x="154" y="338" width="36" height="54" xoffset="0" yoffset="0" xadvance="42" page="0" chnl="15"/>
    <char id="85" x="224" y="114" width="36" height="54" xoffset="0" yoffset="0" xadvance="42" page="0" chnl="15"/>
    <char id="86" x="248" y="58" width="36" height="54" xoffset="0" yoffset="0" xadvance="42" page="0" chnl="15"/>
    <char id="87" x="250" y="2" width="54" height="54" xoffset="0" yoffset="0" xadvance="60" page="0" chnl="15"/>
    <char id="88" x="224" y="170" width="42" height="54" xoffset="0" yoffset="0" xadvance="48" page="0" chnl="15"/>
    <char id="89" x="262" y="114" width="36" height="54" xoffset="0" yoffset="0" xadvance="42" page="0" chnl="15"/>
    <char id="90" x="286" y="58" width="36" height="54" xoffset="0" yoffset="0" xadvance="42" page="0" chnl="15"/>
    <char id="91" x="306" y="2" width="18" height="54" xoffset="0" yoffset="0" xadvance="24" page="0" chnl="15"/>
    <char id="92" x="174" y="394" width="30" height="54" xoffset="0" yoffset="0" xadvance="36" page="0" chnl="15"/>
    <char id="93" x="192" y="338" width="18" height="54" xoffset="0" yoffset="0" xadvance="24" page="0" chnl="15"/>
    <char id="94" x="104" y="202" width="36" height="24" xoffset="0" yoffset="0" xadvance="42" page="0" chnl="15"/>
    <char id="95" x="94" y="228" width="36" height="12" xoffset="0" yoffset="42" xadvance="42" page="0" chnl="15"/>
    <char id="96" x="154" y="394" width="18" height="18" xoffset="0" yoffset="0" xadvance="24" page="0" chnl="15"/>
    <char id="97" x="104" y="474" width="36" height="36" xoffset="0" yoffset="18" xadvance="42" page="0" chnl="15"/>
    <char id="98" x="198" y="282" width="36" height="54" xoffset="0" yoffset="0" xadvance="42" page="0" chnl="15"/>
    <char id="99" x="142" y="474" width="36" height="36" xoffset="0" yoffset="18" xadvance="42" page="0" chnl="15"/>
    <char id="100" x="230" y="226" width="36" height="54" xoffset="0" yoffset="0" xadvance="42" page="0" chnl="15"/>
    <char id="101" x="180" y="450" width="36" height="36" xoffset="0" yoffset="18" xadvance="42" page="0" chnl="15"/>
    <char id="102" x="206" y="394" width="36" height="54" xoffset="0" yoffset="0" xadvance="42" page="0" chnl="15"/>
    <char id="103" x="212" y="338" width="36" height="54" xoffset="0" yoffset="18" xadvance="42" page="0" chnl="15"/>
    <char id="104" x="236" y="282" width="36" height="54" xoffset="0" yoffset="0" xadvance="42" page="0" chnl="15"/>
    <char id="105" x="218" y="450" width="12" height="54" xoffset="0" yoffset="0" xadvance="18" page="0" chnl="15"/>
    <char id="106" x="268" y="170" width="18" height="72" xoffset="0" yoffset="0" xadvance="24" page="0" chnl="15"/>
    <char id="107" x="232" y="450" width="36" height="54" xoffset="0" yoffset="0" xadvance="42" page="0" chnl="15"/>
    <char id="108" x="244" y="394" width="12" height="54" xoffset="0" yoffset="0" xadvance="18" page="0" chnl="15"/>
    <char id="109" x="268" y="244" width="66" height="36" xoffset="0" yoffset="18" xadvance="72" page="0" chnl="15"/>
    <char id="110" x="250" y="338" width="42" height="36" xoffset="0" yoffset="18" xadvance="48" page="0" chnl="15"/>
    <char id="111" x="274" y="282" width="36" height="36" xoffset="0" yoffset="18" xadvance="42" page="0" chnl="15"/>
    <char id="112" x="288" y="170" width="42" height="54" xoffset="0" yoffset="18" xadvance="48" page="0" chnl="15"/>
    <char id="113" x="300" y="114" width="36" height="54" xoffset="0" yoffset="18" xadvance="42" page="0" chnl="15"/>
    <char id="114" x="324" y="58" width="36" height="36" xoffset="0" yoffset="18" xadvance="42" page="0" chnl="15"/>
    <char id="115" x="326" y="2" width="36" height="36" xoffset="0" yoffset="18" xadvance="42" page="0" chnl="15"/>
    <char id="116" x="332" y="170" width="36" height="54" xoffset="0" yoffset="0" xadvance="42" page="0" chnl="15"/>
    <char id="117" x="338" y="96" width="36" height="36" xoffset="0" yoffset="18" xadvance="42" page="0" chnl="15"/>
    <char id="118" x="362" y="40" width="36" height="36" xoffset="0" yoffset="18" xadvance="42" page="0" chnl="15"/>
    <char id="119" x="364" y="2" width="60" height="36" xoffset="0" yoffset="18" xadvance="66" page="0" chnl="15"/>
    <char id="120" x="258" y="376" width="42" height="36" xoffset="0" yoffset="18" xadvance="48" page="0" chnl="15"/>
    <char id="121" x="294" y="320" width="36" height="54" xoffset="0" yoffset="18" xadvance="42" page="0" chnl="15"/>
    <char id="122" x="312" y="282" width="36" height="36" xoffset="0" yoffset="18" xadvance="42" page="0" chnl="15"/>
    <char id="123" x="336" y="226" width="18" height="54" xoffset="0" yoffset="0" xadvance="24" page="0" chnl="15"/>
    <char id="124" x="270" y="414" width="12" height="54" xoffset="0" yoffset="0" xadvance="18" page="0" chnl="15"/>
    <char id="125" x="284" y="414" width="18" height="54" xoffset="0" yoffset="0" xadvance="24" page="0" chnl="15"/>
    <char id="126" x="338" y="134" width="42" height="18" xoffset="0" yoffset="18" xadvance="48" page="0" chnl="15"/>
    <char id="32" x="0" y="0" width="0" height="0" xoffset="0" yoffset="18" xadvance="18" page="0" chnl="15"/>
  </chars>
</font>