<font>
  <info face="messeTitle" size="72" bold="0" italic="0" charset="" unicode="" stretchH="100" smooth="1" aa="1" padding="2,2,2,2" spacing="0,0" outline="0"/>
  <common lineHeight="96" base="54" scaleW="554" scaleH="511" pages="1" packed="0"/>
  <pages>
    <page id="0" file="messeTitle.png"/>
  </pages>
  <chars count="95">
    <char id="32" x="2" y="2" width="0" height="0" xoffset="0" yoffset="54" xadvance="18" page="0" chnl="15"/>
    <char id="33" x="2" y="4" width="21" height="63" xoffset="-5" yoffset="0" xadvance="18" page="0" chnl="15"/>
    <char id="34" x="2" y="69" width="39" height="27" xoffset="-5" yoffset="0" xadvance="36" page="0" chnl="15"/>
    <char id="35" x="25" y="2" width="51" height="63" xoffset="-5" yoffset="0" xadvance="48" page="0" chnl="15"/>
    <char id="36" x="2" y="98" width="45" height="69" xoffset="-5" yoffset="0" xadvance="42" page="0" chnl="15"/>
    <char id="37" x="2" y="169" width="63" height="63" xoffset="-5" yoffset="0" xadvance="60" page="0" chnl="15"/>
    <char id="38" x="49" y="67" width="51" height="63" xoffset="-5" yoffset="0" xadvance="48" page="0" chnl="15"/>
    <char id="39" x="49" y="132" width="21" height="27" xoffset="-5" yoffset="0" xadvance="18" page="0" chnl="15"/>
    <char id="40" x="78" y="2" width="33" height="63" xoffset="-5" yoffset="0" xadvance="30" page="0" chnl="15"/>
    <char id="41" x="2" y="234" width="33" height="63" xoffset="-5" yoffset="0" xadvance="30" page="0" chnl="15"/>
    <char id="42" x="2" y="299" width="45" height="39" xoffset="-5" yoffset="0" xadvance="42" page="0" chnl="15"/>
    <char id="43" x="37" y="234" width="45" height="45" xoffset="-5" yoffset="12" xadvance="42" page="0" chnl="15"/>
    <char id="44" x="67" y="161" width="21" height="27" xoffset="-5" yoffset="42" xadvance="18" page="0" chnl="15"/>
    <char id="45" x="72" y="132" width="45" height="21" xoffset="-5" yoffset="24" xadvance="42" page="0" chnl="15"/>
    <char id="46" x="67" y="190" width="21" height="21" xoffset="-5" yoffset="42" xadvance="18" page="0" chnl="15"/>
    <char id="47" x="102" y="67" width="39" height="63" xoffset="-5" yoffset="0" xadvance="36" page="0" chnl="15"/>
    <char id="48" x="113" y="2" width="45" height="63" xoffset="-5" yoffset="0" xadvance="42" page="0" chnl="15"/>
    <char id="49" x="2" y="340" width="27" height="63" xoffset="-5" yoffset="0" xadvance="24" page="0" chnl="15"/>
    <char id="50" x="2" y="405" width="45" height="63" xoffset="-5" yoffset="0" xadvance="42" page="0" chnl="15"/>
    <char id="51" x="31" y="340" width="45" height="63" xoffset="-5" yoffset="0" xadvance="42" page="0" chnl="15"/>
    <char id="52" x="49" y="405" width="45" height="63" xoffset="-5" yoffset="0" xadvance="42" page="0" chnl="15"/>
    <char id="53" x="78" y="281" width="45" height="63" xoffset="-5" yoffset="0" xadvance="42" page="0" chnl="15"/>
    <char id="54" x="84" y="213" width="45" height="63" xoffset="-5" yoffset="0" xadvance="42" page="0" chnl="15"/>
    <char id="55" x="119" y="132" width="45" height="63" xoffset="-5" yoffset="0" xadvance="42" page="0" chnl="15"/>
    <char id="56" x="143" y="67" width="45" height="63" xoffset="-5" yoffset="0" xadvance="42" page="0" chnl="15"/>
    <char id="57" x="160" y="2" width="45" height="63" xoffset="-5" yoffset="0" xadvance="42" page="0" chnl="15"/>
    <char id="58" x="90" y="155" width="21" height="45" xoffset="-5" yoffset="18" xadvance="18" page="0" chnl="15"/>
    <char id="59" x="49" y="281" width="21" height="51" xoffset="-5" yoffset="18" xadvance="18" page="0" chnl="15"/>
    <char id="60" x="78" y="346" width="39" height="57" xoffset="-5" yoffset="6" xadvance="36" page="0" chnl="15"/>
    <char id="61" x="2" y="470" width="45" height="39" xoffset="-5" yoffset="18" xadvance="42" page="0" chnl="15"/>
    <char id="62" x="96" y="405" width="39" height="57" xoffset="-5" yoffset="6" xadvance="36" page="0" chnl="15"/>
    <char id="63" x="125" y="278" width="45" height="63" xoffset="-5" yoffset="0" xadvance="42" page="0" chnl="15"/>
    <char id="64" x="131" y="197" width="57" height="63" xoffset="-5" yoffset="0" xadvance="54" page="0" chnl="15"/>
    <char id="65" x="166" y="132" width="45" height="63" xoffset="-5" yoffset="0" xadvance="42" page="0" chnl="15"/>
    <char id="66" x="190" y="67" width="51" height="63" xoffset="-5" yoffset="0" xadvance="48" page="0" chnl="15"/>
    <char id="67" x="207" y="2" width="45" height="63" xoffset="-5" yoffset="0" xadvance="42" page="0" chnl="15"/>
    <char id="68" x="137" y="343" width="51" height="63" xoffset="-5" yoffset="0" xadvance="48" page="0" chnl="15"/>
    <char id="69" x="172" y="262" width="45" height="63" xoffset="-5" yoffset="0" xadvance="42" page="0" chnl="15"/>
    <char id="70" x="190" y="197" width="51" height="63" xoffset="-5" yoffset="0" xadvance="48" page="0" chnl="15"/>
    <char id="71" x="213" y="132" width="45" height="63" xoffset="-5" yoffset="0" xadvance="42" page="0" chnl="15"/>
    <char id="72" x="243" y="67" width="45" height="63" xoffset="-5" yoffset="0" xadvance="42" page="0" chnl="15"/>
    <char id="73" x="254" y="2" width="33" height="63" xoffset="-5" yoffset="0" xadvance="30" page="0" chnl="15"/>
    <char id="74" x="289" y="2" width="51" height="63" xoffset="-5" yoffset="0" xadvance="48" page="0" chnl="15"/>
    <char id="75" x="137" y="408" width="45" height="63" xoffset="-5" yoffset="0" xadvance="42" page="0" chnl="15"/>
    <char id="76" x="184" y="408" width="45" height="63" xoffset="-5" yoffset="0" xadvance="42" page="0" chnl="15"/>
    <char id="77" x="190" y="327" width="57" height="63" xoffset="-5" yoffset="0" xadvance="54" page="0" chnl="15"/>
    <char id="78" x="219" y="262" width="51" height="63" xoffset="-5" yoffset="0" xadvance="48" page="0" chnl="15"/>
    <char id="79" x="243" y="197" width="45" height="63" xoffset="-5" yoffset="0" xadvance="42" page="0" chnl="15"/>
    <char id="80" x="260" y="132" width="51" height="63" xoffset="-5" yoffset="0" xadvance="48" page="0" chnl="15"/>
    <char id="81" x="290" y="67" width="51" height="63" xoffset="-5" yoffset="0" xadvance="48" page="0" chnl="15"/>
    <char id="82" x="342" y="2" width="51" height="63" xoffset="-5" yoffset="0" xadvance="48" page="0" chnl="15"/>
    <char id="83" x="231" y="392" width="45" height="63" xoffset="-5" yoffset="0" xadvance="42" page="0" chnl="15"/>
    <char id="84" x="249" y="327" width="45" height="63" xoffset="-5" yoffset="0" xadvance="42" page="0" chnl="15"/>
    <char id="85" x="272" y="262" width="45" height="63" xoffset="-5" yoffset="0" xadvance="42" page="0" chnl="15"/>
    <char id="86" x="290" y="197" width="45" height="63" xoffset="-5" yoffset="0" xadvance="42" page="0" chnl="15"/>
    <char id="87" x="313" y="132" width="63" height="63" xoffset="-5" yoffset="0" xadvance="60" page="0" chnl="15"/>
    <char id="88" x="343" y="67" width="51" height="63" xoffset="-5" yoffset="0" xadvance="48" page="0" chnl="15"/>
    <char id="89" x="395" y="2" width="45" height="63" xoffset="-5" yoffset="0" xadvance="42" page="0" chnl="15"/>
    <char id="90" x="278" y="392" width="45" height="63" xoffset="-5" yoffset="0" xadvance="42" page="0" chnl="15"/>
    <char id="91" x="296" y="327" width="27" height="63" xoffset="-5" yoffset="0" xadvance="24" page="0" chnl="15"/>
    <char id="92" x="319" y="262" width="39" height="63" xoffset="-5" yoffset="0" xadvance="36" page="0" chnl="15"/>
    <char id="93" x="337" y="197" width="27" height="63" xoffset="-5" yoffset="0" xadvance="24" page="0" chnl="15"/>
    <char id="94" x="49" y="473" width="45" height="33" xoffset="-5" yoffset="0" xadvance="42" page="0" chnl="15"/>
    <char id="95" x="96" y="473" width="45" height="21" xoffset="-5" yoffset="42" xadvance="42" page="0" chnl="15"/>
    <char id="96" x="143" y="473" width="27" height="27" xoffset="-5" yoffset="0" xadvance="24" page="0" chnl="15"/>
    <char id="97" x="231" y="457" width="45" height="45" xoffset="-5" yoffset="18" xadvance="42" page="0" chnl="15"/>
    <char id="98" x="325" y="327" width="45" height="63" xoffset="-5" yoffset="0" xadvance="42" page="0" chnl="15"/>
    <char id="99" x="278" y="457" width="45" height="45" xoffset="-5" yoffset="18" xadvance="42" page="0" chnl="15"/>
    <char id="100" x="360" y="262" width="45" height="63" xoffset="-5" yoffset="0" xadvance="42" page="0" chnl="15"/>
    <char id="101" x="366" y="197" width="45" height="45" xoffset="-5" yoffset="18" xadvance="42" page="0" chnl="15"/>
    <char id="102" x="378" y="132" width="45" height="63" xoffset="-5" yoffset="0" xadvance="42" page="0" chnl="15"/>
    <char id="103" x="396" y="67" width="45" height="63" xoffset="-5" yoffset="18" xadvance="42" page="0" chnl="15"/>
    <char id="104" x="442" y="2" width="45" height="63" xoffset="-5" yoffset="0" xadvance="42" page="0" chnl="15"/>
    <char id="105" x="325" y="392" width="21" height="63" xoffset="-5" yoffset="0" xadvance="18" page="0" chnl="15"/>
    <char id="106" x="348" y="392" width="27" height="81" xoffset="-5" yoffset="0" xadvance="24" page="0" chnl="15"/>
    <char id="107" x="372" y="327" width="45" height="63" xoffset="-5" yoffset="0" xadvance="42" page="0" chnl="15"/>
    <char id="108" x="407" y="244" width="21" height="63" xoffset="-5" yoffset="0" xadvance="18" page="0" chnl="15"/>
    <char id="109" x="413" y="197" width="75" height="45" xoffset="-5" yoffset="18" xadvance="72" page="0" chnl="15"/>
    <char id="110" x="425" y="132" width="51" height="45" xoffset="-5" yoffset="18" xadvance="48" page="0" chnl="15"/>
    <char id="111" x="443" y="67" width="45" height="45" xoffset="-5" yoffset="18" xadvance="42" page="0" chnl="15"/>
    <char id="112" x="489" y="2" width="51" height="63" xoffset="-5" yoffset="18" xadvance="48" page="0" chnl="15"/>
    <char id="113" x="478" y="114" width="45" height="63" xoffset="-5" yoffset="18" xadvance="42" page="0" chnl="15"/>
    <char id="114" x="490" y="67" width="45" height="45" xoffset="-5" yoffset="18" xadvance="42" page="0" chnl="15"/>
    <char id="115" x="377" y="392" width="45" height="45" xoffset="-5" yoffset="18" xadvance="42" page="0" chnl="15"/>
    <char id="116" x="377" y="439" width="45" height="63" xoffset="-5" yoffset="0" xadvance="42" page="0" chnl="15"/>
    <char id="117" x="419" y="309" width="45" height="45" xoffset="-5" yoffset="18" xadvance="42" page="0" chnl="15"/>
    <char id="118" x="430" y="244" width="45" height="45" xoffset="-5" yoffset="18" xadvance="42" page="0" chnl="15"/>
    <char id="119" x="424" y="356" width="69" height="45" xoffset="-5" yoffset="18" xadvance="66" page="0" chnl="15"/>
    <char id="120" x="466" y="291" width="51" height="45" xoffset="-5" yoffset="18" xadvance="48" page="0" chnl="15"/>
    <char id="121" x="424" y="403" width="45" height="63" xoffset="-5" yoffset="18" xadvance="42" page="0" chnl="15"/>
    <char id="122" x="477" y="244" width="45" height="45" xoffset="-5" yoffset="18" xadvance="42" page="0" chnl="15"/>
    <char id="123" x="490" y="179" width="27" height="63" xoffset="-5" yoffset="0" xadvance="24" page="0" chnl="15"/>
    <char id="124" x="519" y="179" width="21" height="63" xoffset="-5" yoffset="0" xadvance="18" page="0" chnl="15"/>
    <char id="125" x="525" y="114" width="27" height="63" xoffset="-5" yoffset="0" xadvance="24" page="0" chnl="15"/>
    <char id="126" x="172" y="473" width="51" height="27" xoffset="-5" yoffset="18" xadvance="48" page="0" chnl="15"/>
    <char id="32" x="0" y="0" width="0" height="0" xoffset="-5" yoffset="18" xadvance="18" page="0" chnl="15"/>
  </chars>
</font>