<font>
  <info face="raineyhearts" size="72" bold="0" italic="0" charset="" unicode="" stretchH="100" smooth="1" aa="1" padding="2,2,2,2" spacing="0,0" outline="0"/>
  <common lineHeight="68" base="45" scaleW="249" scaleH="508" pages="1" packed="0"/>
  <pages>
    <page id="0" file="raineyhearts.png"/>
  </pages>
  <chars count="95">
    <char id="32" x="2" y="2" width="0" height="0" xoffset="0" yoffset="45" xadvance="23" page="0" chnl="15"/>
    <char id="33" x="2" y="4" width="14" height="41" xoffset="0" yoffset="5" xadvance="18" page="0" chnl="15"/>
    <char id="34" x="2" y="47" width="18" height="14" xoffset="0" yoffset="5" xadvance="23" page="0" chnl="15"/>
    <char id="35" x="18" y="2" width="32" height="36" xoffset="0" yoffset="5" xadvance="36" page="0" chnl="15"/>
    <char id="36" x="2" y="63" width="27" height="50" xoffset="0" yoffset="0" xadvance="32" page="0" chnl="15"/>
    <char id="37" x="2" y="115" width="45" height="41" xoffset="0" yoffset="5" xadvance="50" page="0" chnl="15"/>
    <char id="38" x="31" y="40" width="32" height="41" xoffset="0" yoffset="5" xadvance="36" page="0" chnl="15"/>
    <char id="39" x="31" y="83" width="9" height="14" xoffset="0" yoffset="5" xadvance="14" page="0" chnl="15"/>
    <char id="40" x="2" y="158" width="14" height="50" xoffset="0" yoffset="5" xadvance="18" page="0" chnl="15"/>
    <char id="41" x="2" y="210" width="14" height="50" xoffset="0" yoffset="5" xadvance="18" page="0" chnl="15"/>
    <char id="42" x="42" y="83" width="23" height="23" xoffset="0" yoffset="0" xadvance="27" page="0" chnl="15"/>
    <char id="43" x="52" y="2" width="23" height="23" xoffset="5" yoffset="14" xadvance="32" page="0" chnl="15"/>
    <char id="44" x="31" y="99" width="9" height="9" xoffset="0" yoffset="41" xadvance="14" page="0" chnl="15"/>
    <char id="45" x="42" y="108" width="18" height="5" xoffset="0" yoffset="27" xadvance="23" page="0" chnl="15"/>
    <char id="46" x="18" y="40" width="5" height="5" xoffset="0" yoffset="41" xadvance="9" page="0" chnl="15"/>
    <char id="47" x="65" y="27" width="23" height="41" xoffset="0" yoffset="5" xadvance="27" page="0" chnl="15"/>
    <char id="48" x="2" y="262" width="23" height="41" xoffset="5" yoffset="5" xadvance="32" page="0" chnl="15"/>
    <char id="49" x="18" y="158" width="14" height="41" xoffset="5" yoffset="5" xadvance="23" page="0" chnl="15"/>
    <char id="50" x="18" y="201" width="23" height="41" xoffset="5" yoffset="5" xadvance="32" page="0" chnl="15"/>
    <char id="51" x="34" y="158" width="23" height="41" xoffset="5" yoffset="5" xadvance="32" page="0" chnl="15"/>
    <char id="52" x="49" y="115" width="18" height="41" xoffset="5" yoffset="5" xadvance="27" page="0" chnl="15"/>
    <char id="53" x="67" y="70" width="23" height="41" xoffset="5" yoffset="5" xadvance="32" page="0" chnl="15"/>
    <char id="54" x="90" y="2" width="23" height="41" xoffset="5" yoffset="5" xadvance="32" page="0" chnl="15"/>
    <char id="55" x="2" y="305" width="23" height="41" xoffset="5" yoffset="5" xadvance="32" page="0" chnl="15"/>
    <char id="56" x="2" y="348" width="23" height="41" xoffset="5" yoffset="5" xadvance="32" page="0" chnl="15"/>
    <char id="57" x="2" y="391" width="23" height="41" xoffset="5" yoffset="5" xadvance="32" page="0" chnl="15"/>
    <char id="58" x="2" y="434" width="5" height="27" xoffset="0" yoffset="18" xadvance="9" page="0" chnl="15"/>
    <char id="59" x="2" y="463" width="9" height="36" xoffset="-4" yoffset="18" xadvance="9" page="0" chnl="15"/>
    <char id="60" x="90" y="45" width="23" height="23" xoffset="0" yoffset="14" xadvance="27" page="0" chnl="15"/>
    <char id="61" x="9" y="434" width="23" height="18" xoffset="0" yoffset="14" xadvance="27" page="0" chnl="15"/>
    <char id="62" x="13" y="454" width="23" height="23" xoffset="0" yoffset="14" xadvance="27" page="0" chnl="15"/>
    <char id="63" x="27" y="244" width="23" height="41" xoffset="0" yoffset="5" xadvance="27" page="0" chnl="15"/>
    <char id="64" x="27" y="287" width="41" height="45" xoffset="0" yoffset="5" xadvance="45" page="0" chnl="15"/>
    <char id="65" x="43" y="201" width="27" height="41" xoffset="5" yoffset="5" xadvance="36" page="0" chnl="15"/>
    <char id="66" x="59" y="158" width="27" height="41" xoffset="5" yoffset="5" xadvance="36" page="0" chnl="15"/>
    <char id="67" x="52" y="244" width="32" height="41" xoffset="5" yoffset="5" xadvance="41" page="0" chnl="15"/>
    <char id="68" x="72" y="201" width="32" height="41" xoffset="5" yoffset="5" xadvance="41" page="0" chnl="15"/>
    <char id="69" x="69" y="113" width="27" height="41" xoffset="5" yoffset="5" xadvance="36" page="0" chnl="15"/>
    <char id="70" x="92" y="70" width="27" height="41" xoffset="5" yoffset="5" xadvance="36" page="0" chnl="15"/>
    <char id="71" x="88" y="156" width="32" height="41" xoffset="5" yoffset="5" xadvance="41" page="0" chnl="15"/>
    <char id="72" x="98" y="113" width="32" height="41" xoffset="5" yoffset="5" xadvance="41" page="0" chnl="15"/>
    <char id="73" x="115" y="2" width="14" height="41" xoffset="0" yoffset="5" xadvance="18" page="0" chnl="15"/>
    <char id="74" x="121" y="45" width="23" height="41" xoffset="5" yoffset="5" xadvance="32" page="0" chnl="15"/>
    <char id="75" x="131" y="2" width="32" height="41" xoffset="5" yoffset="5" xadvance="41" page="0" chnl="15"/>
    <char id="76" x="27" y="334" width="23" height="41" xoffset="5" yoffset="5" xadvance="32" page="0" chnl="15"/>
    <char id="77" x="27" y="377" width="36" height="41" xoffset="5" yoffset="5" xadvance="45" page="0" chnl="15"/>
    <char id="78" x="52" y="334" width="32" height="41" xoffset="5" yoffset="5" xadvance="41" page="0" chnl="15"/>
    <char id="79" x="70" y="287" width="36" height="41" xoffset="5" yoffset="5" xadvance="45" page="0" chnl="15"/>
    <char id="80" x="86" y="244" width="27" height="41" xoffset="5" yoffset="5" xadvance="36" page="0" chnl="15"/>
    <char id="81" x="106" y="199" width="41" height="41" xoffset="5" yoffset="5" xadvance="50" page="0" chnl="15"/>
    <char id="82" x="122" y="156" width="36" height="41" xoffset="5" yoffset="5" xadvance="45" page="0" chnl="15"/>
    <char id="83" x="132" y="88" width="32" height="41" xoffset="5" yoffset="5" xadvance="41" page="0" chnl="15"/>
    <char id="84" x="146" y="45" width="32" height="41" xoffset="5" yoffset="5" xadvance="41" page="0" chnl="15"/>
    <char id="85" x="165" y="2" width="32" height="41" xoffset="5" yoffset="5" xadvance="41" page="0" chnl="15"/>
    <char id="86" x="38" y="420" width="32" height="41" xoffset="5" yoffset="5" xadvance="41" page="0" chnl="15"/>
    <char id="87" x="65" y="377" width="36" height="41" xoffset="5" yoffset="5" xadvance="45" page="0" chnl="15"/>
    <char id="88" x="86" y="330" width="27" height="41" xoffset="5" yoffset="5" xadvance="36" page="0" chnl="15"/>
    <char id="89" x="108" y="287" width="32" height="41" xoffset="5" yoffset="5" xadvance="41" page="0" chnl="15"/>
    <char id="90" x="115" y="242" width="27" height="41" xoffset="5" yoffset="5" xadvance="36" page="0" chnl="15"/>
    <char id="91" x="72" y="420" width="14" height="50" xoffset="0" yoffset="5" xadvance="18" page="0" chnl="15"/>
    <char id="92" x="38" y="463" width="23" height="41" xoffset="0" yoffset="5" xadvance="27" page="0" chnl="15"/>
    <char id="93" x="88" y="420" width="14" height="50" xoffset="0" yoffset="5" xadvance="18" page="0" chnl="15"/>
    <char id="94" x="13" y="479" width="23" height="14" xoffset="0" yoffset="5" xadvance="27" page="0" chnl="15"/>
    <char id="95" x="2" y="501" width="32" height="5" xoffset="0" yoffset="50" xadvance="36" page="0" chnl="15"/>
    <char id="96" x="27" y="420" width="9" height="9" xoffset="5" yoffset="5" xadvance="18" page="0" chnl="15"/>
    <char id="97" x="63" y="472" width="27" height="27" xoffset="5" yoffset="18" xadvance="36" page="0" chnl="15"/>
    <char id="98" x="103" y="373" width="23" height="41" xoffset="5" yoffset="5" xadvance="32" page="0" chnl="15"/>
    <char id="99" x="92" y="472" width="23" height="27" xoffset="5" yoffset="18" xadvance="32" page="0" chnl="15"/>
    <char id="100" x="115" y="330" width="23" height="41" xoffset="5" yoffset="5" xadvance="32" page="0" chnl="15"/>
    <char id="101" x="104" y="416" width="23" height="27" xoffset="5" yoffset="18" xadvance="32" page="0" chnl="15"/>
    <char id="102" x="117" y="445" width="27" height="50" xoffset="0" yoffset="9" xadvance="32" page="0" chnl="15"/>
    <char id="103" x="128" y="373" width="23" height="41" xoffset="5" yoffset="18" xadvance="32" page="0" chnl="15"/>
    <char id="104" x="140" y="330" width="23" height="41" xoffset="5" yoffset="5" xadvance="32" page="0" chnl="15"/>
    <char id="105" x="142" y="285" width="14" height="41" xoffset="0" yoffset="5" xadvance="18" page="0" chnl="15"/>
    <char id="106" x="149" y="199" width="18" height="54" xoffset="-4" yoffset="5" xadvance="18" page="0" chnl="15"/>
    <char id="107" x="160" y="131" width="23" height="41" xoffset="5" yoffset="5" xadvance="32" page="0" chnl="15"/>
    <char id="108" x="166" y="88" width="14" height="41" xoffset="5" yoffset="5" xadvance="23" page="0" chnl="15"/>
    <char id="109" x="129" y="416" width="36" height="27" xoffset="5" yoffset="18" xadvance="45" page="0" chnl="15"/>
    <char id="110" x="144" y="255" width="23" height="27" xoffset="5" yoffset="18" xadvance="32" page="0" chnl="15"/>
    <char id="111" x="180" y="45" width="23" height="27" xoffset="5" yoffset="18" xadvance="32" page="0" chnl="15"/>
    <char id="112" x="199" y="2" width="23" height="41" xoffset="5" yoffset="18" xadvance="32" page="0" chnl="15"/>
    <char id="113" x="153" y="373" width="23" height="41" xoffset="5" yoffset="18" xadvance="32" page="0" chnl="15"/>
    <char id="114" x="158" y="284" width="18" height="27" xoffset="5" yoffset="18" xadvance="27" page="0" chnl="15"/>
    <char id="115" x="182" y="74" width="23" height="27" xoffset="5" yoffset="18" xadvance="32" page="0" chnl="15"/>
    <char id="116" x="165" y="313" width="18" height="36" xoffset="0" yoffset="9" xadvance="23" page="0" chnl="15"/>
    <char id="117" x="205" y="45" width="23" height="27" xoffset="5" yoffset="18" xadvance="32" page="0" chnl="15"/>
    <char id="118" x="224" y="2" width="23" height="27" xoffset="5" yoffset="18" xadvance="32" page="0" chnl="15"/>
    <char id="119" x="146" y="445" width="36" height="27" xoffset="5" yoffset="18" xadvance="45" page="0" chnl="15"/>
    <char id="120" x="167" y="416" width="23" height="27" xoffset="5" yoffset="18" xadvance="32" page="0" chnl="15"/>
    <char id="121" x="178" y="351" width="23" height="41" xoffset="5" yoffset="18" xadvance="32" page="0" chnl="15"/>
    <char id="122" x="146" y="474" width="23" height="27" xoffset="5" yoffset="18" xadvance="32" page="0" chnl="15"/>
    <char id="123" x="184" y="445" width="14" height="50" xoffset="0" yoffset="5" xadvance="18" page="0" chnl="15"/>
    <char id="124" x="169" y="174" width="5" height="59" xoffset="5" yoffset="0" xadvance="14" page="0" chnl="15"/>
    <char id="125" x="176" y="174" width="14" height="50" xoffset="0" yoffset="5" xadvance="18" page="0" chnl="15"/>
    <char id="126" x="117" y="497" width="27" height="9" xoffset="0" yoffset="18" xadvance="32" page="0" chnl="15"/>
    <char id="32" x="0" y="0" width="0" height="0" xoffset="0" yoffset="18" xadvance="23" page="0" chnl="15"/>
  </chars>
</font>